Year,Month,Count,Total,Percentage
2020,January,52804,613936,0.0860089651
2020,February,48317,613936,0.07870038571
2020,March,51080,613936,0.08320085481
2020,April,49337,613936,0.08036179667
2020,May,52094,613936,0.08485249277
2020,June,51495,613936,0.08387682104
2020,July,53515,613936,0.08716706627
2020,August,51662,613936,0.08414883636
2020,September,53079,613936,0.08645689453
2020,October,53624,613936,0.08734460921
2020,November,49638,613936,0.08085207579
2020,December,47291,613936,0.07702920174
2019,January,53677,640370,0.08382185299
2019,February,48203,640370,0.07527366991
2019,March,52880,640370,0.08257726002
2019,April,51148,640370,0.07987257367
2019,May,55108,640370,0.08605649859
2019,June,53539,640370,0.08360635258
2019,July,56440,640370,0.08813654606
2019,August,55359,640370,0.08644845948
2019,September,55164,640370,0.08614394803
2019,October,55281,640370,0.0863266549
2019,November,51922,640370,0.0810812499
2019,December,51649,640370,0.08065493387
2018,January,56173,657076,0.08548934979
2018,February,48792,657076,0.07425625042
2018,March,53875,657076,0.08199203745
2018,April,52639,657076,0.08011097651
2018,May,56599,657076,0.08613767662
2018,June,54968,657076,0.08365546756
2018,July,56824,657076,0.08648010276
2018,August,56719,657076,0.08632030389
2018,September,56145,657076,0.08544673675
2018,October,56663,657076,0.08623507783
2018,November,54037,657076,0.08223858427
2018,December,53642,657076,0.08163743616
2017,January,56237,679106,0.08281034183
2017,February,51259,679106,0.07548011651
2017,March,56625,679106,0.08338168121
2017,April,54613,679106,0.08041896258
2017,May,58224,679106,0.08573624736
2017,June,56431,679106,0.08309601152
2017,July,58797,679106,0.08658000371
2017,August,58776,679106,0.0865490807
2017,September,58740,679106,0.08649606983
2017,October,58590,679106,0.08627519121
2017,November,56101,679106,0.08261007854
2017,December,54713,679106,0.08056621499
2016,January,57188,696271,0.08213468606
2016,February,54932,696271,0.07889456835
2016,March,57583,696271,0.08270199391
2016,April,56663,696271,0.08138066931
2016,May,59327,696271,0.08520676576
2016,June,58701,696271,0.08430769054
2016,July,61300,696271,0.08804043253
2016,August,59118,696271,0.08490659528
2016,September,60152,696271,0.08639164923
2016,October,58862,696271,0.08453892234
2016,November,55985,696271,0.08040691053
2016,December,56460,696271,0.08108911616
2015,January,57811,697852,0.08284134745
2015,February,52345,697852,0.07500874111
2015,March,56692,697852,0.08123785559
2015,April,55851,697852,0.080032729
2015,May,59410,697852,0.08513266423
2015,June,58580,697852,0.0839433003
2015,July,61425,697852,0.08802009595
2015,August,59259,697852,0.08491628597
2015,September,60173,697852,0.08622601927
2015,October,60569,697852,0.08679347483
2015,November,57774,697852,0.08278832761
2015,December,57963,697852,0.08305915868
2014,January,58213,695233,0.08373164105
2014,February,53278,695233,0.07663330135
2014,March,57465,695233,0.08265574275
2014,April,55310,695233,0.0795560625
2014,May,58898,695233,0.08471692224
2014,June,57190,695233,0.08226019191
2014,July,60516,695233,0.08704419957
2014,August,59065,695233,0.08495712948
2014,September,61197,695233,0.0880237273
2014,October,61152,695233,0.0879590008
2014,November,55971,695233,0.08050682289
2014,December,56978,695233,0.08195525817
2013,January,59101,698512,0.08460985638
2013,February,53437,698512,0.0765011911
2013,March,58234,698512,0.08336864649
2013,April,55286,698512,0.07914824656
2013,May,58615,698512,0.08391409167
2013,June,56981,698512,0.08157483336
2013,July,61422,698512,0.08793263394
2013,August,60238,698512,0.08623760222
2013,September,60289,698512,0.08631061456
2013,October,60519,698512,0.08663988593
2013,November,56822,698512,0.08134720663
2013,December,57568,698512,0.08241519115
2012,January,61942,729674,0.08488996456
2012,February,56783,729674,0.07781968386
2012,March,61043,729674,0.0836579075
2012,April,58088,729674,0.07960815378
2012,May,62736,729674,0.08597812174
2012,June,59664,729674,0.08176802243
2012,July,61920,729674,0.08485981411
2012,August,61995,729674,0.08496259974
2012,September,62949,729674,0.08627003292
2012,October,63387,729674,0.08687030098
2012,November,59593,729674,0.0816707187
2012,December,59574,729674,0.08164467968
2011,January,60232,723913,0.08320336836
2011,February,54998,723913,0.07597321778
2011,March,59814,723913,0.08262595091
2011,April,57851,723913,0.07991429909
2011,May,60978,723913,0.08423387893
2011,June,60835,723913,0.08403634138
2011,July,63002,723913,0.08702979502
2011,August,61806,723913,0.08537766279
2011,September,61058,723913,0.08434438945
2011,October,61679,723913,0.08520222734
2011,November,60589,723913,0.08369652154
2011,December,61071,723913,0.08436234741
2010,January,60179,723165,0.08321614016
2010,February,54551,723165,0.07543368388
2010,March,59965,723165,0.08292021876
2010,April,57196,723165,0.07909121708
2010,May,59444,723165,0.0821997746
2010,June,59459,723165,0.08222051676
2010,July,62166,723165,0.0859637842
2010,August,60598,723165,0.08379553767
2010,September,62986,723165,0.08709768863
2010,October,64542,723165,0.08924934144
2010,November,60745,723165,0.08399881078
2010,December,61334,723165,0.08481328604
2009,January,57361,706248,0.08121934505
2009,February,53033,706248,0.0750911861
2009,March,58560,706248,0.08291704897
2009,April,57447,706248,0.0813411153
2009,May,59058,706248,0.08362218371
2009,June,58620,706248,0.08300200496
2009,July,61636,706248,0.08727245953
2009,August,59495,706248,0.08424094652
2009,September,60130,706248,0.08514006411
2009,October,61529,706248,0.08712095468
2009,November,59172,706248,0.0837836001
2009,December,60207,706248,0.08524909097
2008,January,59691,708711,0.08422474041
2008,February,55226,708711,0.0779245701
2008,March,58846,708711,0.08303243494
2008,April,58064,708711,0.08192902325
2008,May,60405,708711,0.08523220325
2008,June,58491,708711,0.08253152554
2008,July,61811,708711,0.08721608667
2008,August,60407,708711,0.08523502528
2008,September,60229,708711,0.08498386507
2008,October,59749,708711,0.08430657913
2008,November,57201,708711,0.08071131956
2008,December,58591,708711,0.08267262678
2007,January,56318,690013,0.08161875211
2007,February,51415,690013,0.07451308888
2007,March,56292,690013,0.08158107166
2007,April,54223,690013,0.07858257743
2007,May,58830,690013,0.08525926323
2007,June,56486,690013,0.08186222578
2007,July,60202,690013,0.08724763157
2007,August,60928,690013,0.08829978566
2007,September,60289,690013,0.08737371615
2007,October,60072,690013,0.08705922932
2007,November,57024,690013,0.08264192124
2007,December,57934,690013,0.08396073697
2006,January,53462,669601,0.0798415773
2006,February,50196,669601,0.07496404575
2006,March,55861,669601,0.08342430791
2006,April,52993,669601,0.07914116018
2006,May,56724,669601,0.08471313514
2006,June,56463,669601,0.08432335077
2006,July,57486,669601,0.08585112627
2006,August,58367,669601,0.08716683517
2006,September,59065,669601,0.088209247
2006,October,58467,669601,0.08731617784
2006,November,55541,669601,0.08294641137
2006,December,54976,669601,0.08210262529
2005,January,52527,645835,0.08133191914
2005,February,48080,645835,0.07444625949
2005,March,53671,645835,0.08310326941
2005,April,52064,645835,0.08061501777
2005,May,53610,645835,0.08300881804
2005,June,54078,645835,0.08373346133
2005,July,56526,645835,0.08752390316
2005,August,57230,645835,0.08861396487
2005,September,56396,645835,0.08732261336
2005,October,55614,645835,0.08611177778
2005,November,52279,645835,0.08094792013
2005,December,53760,645835,0.08324107551
2004,January,53028,639721,0.0828923859
2004,February,49350,639721,0.07714300453
2004,March,52793,639721,0.08252503826
2004,April,51383,639721,0.08032095242
2004,May,52726,639721,0.0824203051
2004,June,53313,639721,0.08333789261
2004,July,55619,639721,0.08694258903
2004,August,54270,639721,0.08483385726
2004,September,55556,639721,0.0868441086
2004,October,55368,639721,0.08655023049
2004,November,52899,639721,0.08269073549
2004,December,53416,639721,0.0834989003
2003,January,50579,621469,0.08138619947
2003,February,46017,621469,0.07404552761
2003,March,50845,621469,0.0818142176
2003,April,50761,621469,0.08167905398
2003,May,52910,621469,0.08513698994
2003,June,51481,621469,0.0828375993
2003,July,55425,621469,0.0891838531
2003,August,53311,621469,0.08578223532
2003,September,54124,621469,0.08709042607
2003,October,54159,621469,0.08714674425
2003,November,50599,621469,0.08141838129
2003,December,51258,621469,0.08247877207
2002,January,49165,596122,0.08247472833
2002,February,45150,596122,0.07573952983
2002,March,48972,596122,0.0821509691
2002,April,47940,596122,0.08041977984
2002,May,50726,596122,0.08509331982
2002,June,48539,596122,0.08142460771
2002,July,51984,596122,0.0872036261
2002,August,51122,596122,0.08575761337
2002,September,51933,596122,0.08711807315
2002,October,52241,596122,0.08763474591
2002,November,48611,596122,0.08154538836
2002,December,49739,596122,0.08343761847
2001,January,50591,594634,0.0850792252
2001,February,45150,594634,0.07592905888
2001,March,49793,594634,0.08373722323
2001,April,47805,594634,0.08039399025
2001,May,51474,594634,0.08656417225
2001,June,49483,594634,0.08321589415
2001,July,51328,594634,0.08631864306
2001,August,50958,594634,0.08569641157
2001,September,50680,594634,0.0852288971
2001,October,51364,594634,0.08637918451
2001,November,48417,594634,0.08142319477
2001,December,47591,594634,0.08003410501
2000,January,50547,604441,0.08362602802
2000,February,47017,604441,0.07778592121
2000,March,51115,604441,0.08456573925
2000,April,49031,604441,0.08111792549
2000,May,51752,604441,0.08561960555
2000,June,49917,604441,0.08258374266
2000,July,52609,604441,0.08703744451
2000,August,51922,604441,0.08590085716
2000,September,50443,604441,0.08345396821
2000,October,50862,604441,0.08414717069
2000,November,49771,604441,0.08234219717
2000,December,49455,604441,0.08181940007
1999,January,51168,621872,0.08228059794
1999,February,47615,621872,0.07656720354
1999,March,53298,621872,0.08570574009
1999,April,50756,621872,0.08161808218
1999,May,53469,621872,0.08598071629
1999,June,53025,621872,0.085266743
1999,July,54524,621872,0.08767720689
1999,August,52921,621872,0.08509950601
1999,September,52676,621872,0.08470553426
1999,October,51013,621872,0.0820313505
1999,November,49850,621872,0.08016119073
1999,December,51557,621872,0.08290612859
1998,January,53423,635901,0.08401150494
1998,February,48795,635901,0.0767336425
1998,March,53626,635901,0.08433073702
1998,April,52421,635901,0.08243578796
1998,May,53020,635901,0.08337775849
1998,June,53117,635901,0.08353029796
1998,July,56361,635901,0.08863172098
1998,August,54437,635901,0.08560609277
1998,September,55342,635901,0.08702927028
1998,October,53619,635901,0.08431972901
1998,November,50147,635901,0.07885975962
1998,December,51593,635901,0.08113369848
1997,January,54517,643095,0.08477285627
1997,February,49532,643095,0.0770212799
1997,March,54083,643095,0.08409799485
1997,April,53986,643095,0.08394716177
1997,May,55444,643095,0.08621432292
1997,June,53851,643095,0.08373723944
1997,July,56387,643095,0.08768066926
1997,August,54845,643095,0.08528288978
1997,September,53673,643095,0.08346045297
1997,October,52955,643095,0.08234397717
1997,November,50731,643095,0.07888570118
1997,December,53091,643095,0.08255545448
1996,January,53523,649485,0.08240836971
1996,February,50388,649485,0.07758146839
1996,March,53370,649485,0.08217279845
1996,April,50495,649485,0.07774621431
1996,May,53843,649485,0.08290106777
1996,June,53745,649485,0.08275017899
1996,July,57606,649485,0.08869488903
1996,August,55956,649485,0.08615441465
1996,September,56387,649485,0.08681801735
1996,October,56221,649485,0.08656243023
1996,November,53752,649485,0.08276095676
1996,December,54199,649485,0.08344919436
1995,January,53455,648138,0.08247471989
1995,February,49695,648138,0.0766734862
1995,March,55363,648138,0.08541853741
1995,April,52177,648138,0.08050291759
1995,May,56748,648138,0.08755542801
1995,June,55797,648138,0.08608814789
1995,July,56541,648138,0.08723605158
1995,August,55579,648138,0.08575179977
1995,September,55303,648138,0.08532596453
1995,October,54926,648138,0.08474429828
1995,November,51363,648138,0.07924701221
1995,December,51191,648138,0.07898163663
1994,January,55364,664726,0.08328845269
1994,February,51009,664726,0.07673688106
1994,March,57880,664726,0.08707347087
1994,April,55447,664726,0.08341331616
1994,May,58100,664726,0.08740443431
1994,June,57114,664726,0.08592111637
1994,July,57324,664726,0.08623703601
1994,August,55514,664726,0.08351410957
1994,September,56099,664726,0.08439417143
1994,October,55489,664726,0.08347650009
1994,November,52244,664726,0.07859478943
1994,December,53142,664726,0.079945722
1993,January,55438,673467,0.08231732216
1993,February,50657,673467,0.07521823638
1993,March,56250,673467,0.0835230234
1993,April,54764,673467,0.08131653073
1993,May,57588,673467,0.08550975772
1993,June,57710,673467,0.08569090987
1993,July,59034,673467,0.08765685624
1993,August,57795,673467,0.08581712244
1993,September,59021,673467,0.08763755314
1993,October,56791,673467,0.08432632928
1993,November,52643,673467,0.07816715593
1993,December,55776,673467,0.08281920272
1992,January,58292,689656,0.08452329857
1992,February,55616,689656,0.08064310323
1992,March,58789,689656,0.08524394771
1992,April,57631,689656,0.08356484972
1992,May,59410,689656,0.08614439663
1992,June,58551,689656,0.08489884812
1992,July,61041,689656,0.08850934379
1992,August,58823,689656,0.08529324765
1992,September,58250,689656,0.08446239865
1992,October,56439,689656,0.0818364518
1992,November,53311,689656,0.07730085724
1992,December,53503,689656,0.0775792569
1991,January,58790,699217,0.08407976351
1991,February,54141,699217,0.0774308977
1991,March,58541,699217,0.08372365088
1991,April,56685,699217,0.08106925318
1991,May,60076,699217,0.08591896364
1991,June,59033,699217,0.0844272951
1991,July,61956,699217,0.08860768545
1991,August,60387,699217,0.08636374688
1991,September,59422,699217,0.08498363169
1991,October,58651,699217,0.08388096971
1991,November,55299,699217,0.07908703593
1991,December,56236,699217,0.08042710632
1990,January,56507,706140,0.08002237517
1990,February,52908,706140,0.07492565214
1990,March,58906,706140,0.08341971847
1990,April,57184,706140,0.08098110856
1990,May,61365,706140,0.08690203076
1990,June,60749,706140,0.0860296825
1990,July,62491,706140,0.0884966154
1990,August,61195,706140,0.0866612853
1990,September,60304,706140,0.08539949585
1990,October,59914,706140,0.08484719744
1990,November,57558,706140,0.08151074858
1990,December,57059,706140,0.08080408984
1989,January,55779,687725,0.08110654695
1989,February,52268,687725,0.07600130866
1989,March,58916,687725,0.08566796321
1989,April,56887,687725,0.08271765604
1989,May,60709,687725,0.08827510996
1989,June,59113,687725,0.08595441492
1989,July,60114,687725,0.08740993857
1989,August,58870,687725,0.08560107601
1989,September,56824,687725,0.08262604966
1989,October,56785,687725,0.08256934094
1989,November,55032,687725,0.08002035697
1989,December,56428,687725,0.0820502381
1988,January,57349,693577,0.08268584454
1988,February,55223,693577,0.07962057565
1988,March,60826,693577,0.08769898656
1988,April,57950,693577,0.08355236693
1988,May,60371,693577,0.08704296711
1988,June,58131,693577,0.08381333291
1988,July,60208,693577,0.08680795355
1988,August,59586,693577,0.08591115334
1988,September,59294,693577,0.08549014745
1988,October,55455,693577,0.07995507348
1988,November,53647,693577,0.07734829731
1988,December,55537,693577,0.08007330116
1987,January,54550,681511,0.08004272858
1987,February,50561,681511,0.0741895582
1987,March,57573,681511,0.08447846036
1987,April,56259,681511,0.0825503917
1987,May,59779,681511,0.08771538537
1987,June,58907,681511,0.08643587558
1987,July,59789,681511,0.08773005865
1987,August,58138,681511,0.08530750054
1987,September,58685,681511,0.08611012882
1987,October,57812,681511,0.08482915169
1987,November,53595,681511,0.07864143059
1987,December,55863,681511,0.08196932992
1986,January,53636,661018,0.08114151203
1986,February,49630,661018,0.07508116269
1986,March,56717,661018,0.08580250462
1986,April,55180,661018,0.08347730319
1986,May,58191,661018,0.08803239851
1986,June,55679,661018,0.08423219943
1986,July,56700,661018,0.08577678671
1986,August,57421,661018,0.08686752857
1986,September,56657,661018,0.08571173554
1986,October,55887,661018,0.08454686559
1986,November,51071,661018,0.07726113358
1986,December,54249,661018,0.08206886953
1985,January,54707,656417,0.08334183911
1985,February,49640,656417,0.0756226606
1985,March,56047,656417,0.08538322438
1985,April,53262,656417,0.08114049453
1985,May,57544,656417,0.08766378689
1985,June,54455,656417,0.0829579368
1985,July,58188,656417,0.08864487056
1985,August,57106,656417,0.08699652812
1985,September,56974,656417,0.08679543644
1985,October,55843,656417,0.08507244633
1985,November,51906,656417,0.07907473451
1985,December,50745,656417,0.07730604174
1984,January,51324,636818,0.08059445556
1984,February,48922,636818,0.07682257725
1984,March,53286,636818,0.08367539862
1984,April,50051,636818,0.07859545427
1984,May,54258,636818,0.08520173739
1984,June,53427,636818,0.08389681196
1984,July,55891,636818,0.08776604933
1984,August,55838,636818,0.08768282304
1984,September,55400,636818,0.08699502841
1984,October,55299,636818,0.08683642736
1984,November,52513,636818,0.08246155102
1984,December,50609,636818,0.07947168579
1983,January,51227,629134,0.08142462496
1983,February,47650,629134,0.07573903175
1983,March,53564,629134,0.08513925491
1983,April,52591,629134,0.08359268455
1983,May,54768,629134,0.08705299666
1983,June,53979,629134,0.08579889181
1983,July,55400,629134,0.08805755213
1983,August,53776,629134,0.08547622605
1983,September,54267,629134,0.08625666392
1983,October,51516,629134,0.08188398656
1983,November,49735,629134,0.0790531111
1983,December,50661,629134,0.0805249756
1982,January,51513,625931,0.08229820859
1982,February,47655,625931,0.07613458991
1982,March,54274,625931,0.08670923792
1982,April,52248,625931,0.08347245942
1982,May,53794,625931,0.08594238023
1982,June,50950,625931,0.08139874842
1982,July,54512,625931,0.08708947152
1982,August,53391,625931,0.0852985393
1982,September,54230,625931,0.08663894263
1982,October,52959,625931,0.08460836738
1982,November,49435,625931,0.07897835384
1982,December,50970,625931,0.08143070083
1981,January,52735,634492,0.08311373508
1981,February,48460,634492,0.07637606148
1981,March,55041,634492,0.08674813867
1981,April,52807,634492,0.08322721169
1981,May,54663,634492,0.08615238648
1981,June,53367,634492,0.08410980753
1981,July,56487,634492,0.08902712721
1981,August,54236,634492,0.08547940715
1981,September,53559,634492,0.08441241182
1981,October,53233,634492,0.08389861495
1981,November,49866,634492,0.07859200746
1981,December,50038,634492,0.07886309047
1980,January,54407,656234,0.08290792614
1980,February,51509,656234,0.07849181847
1980,March,56418,656234,0.0859723818
1980,April,55540,656234,0.08463444442
1980,May,57849,656234,0.0881530064
1980,June,54745,656234,0.08342298631
1980,July,57938,656234,0.08828862875
1980,August,54805,656234,0.08351441711
1980,September,55579,656234,0.08469387444
1980,October,55359,656234,0.08435862817
1980,November,50468,656234,0.07690549408
1980,December,51617,656234,0.07865639391
1979,January,51402,638028,0.0805638624
1979,February,48553,638028,0.07609854113
1979,March,56224,638028,0.08812152445
1979,April,53405,638028,0.08370322306
1979,May,56835,638028,0.08907916267
1979,June,54535,638028,0.0854743052
1979,July,55615,638028,0.08716702088
1979,August,53669,638028,0.084116998
1979,September,52862,638028,0.08285216323
1979,October,53654,638028,0.08409348806
1979,November,50770,638028,0.07957331026
1979,December,50504,638028,0.07915640066
1978,January,46553,596418,0.07805431761
1978,February,44300,596418,0.07427676562
1978,March,51527,596418,0.08639410615
1978,April,48776,596418,0.0817815693
1978,May,51121,596418,0.08571337552
1978,June,49375,596418,0.08278589848
1978,July,50600,596418,0.0848398271
1978,August,51296,596418,0.08600679389
1978,September,52691,596418,0.08834575751
1978,October,51554,596418,0.08643937641
1978,November,48380,596418,0.08111760544
1978,December,50245,596418,0.08424460697
1977,January,46948,569259,0.08247212604
1977,February,43722,569259,0.0768051098
1977,March,49749,569259,0.08739255769
1977,April,46340,569259,0.08140407091
1977,May,50731,569259,0.08911760728
1977,June,47791,569259,0.08395299855
1977,July,48818,569259,0.08575709826
1977,August,48374,569259,0.08497713694
1977,September,49390,569259,0.08676191329
1977,October,48189,569259,0.08465215306
1977,November,44491,569259,0.07815598875
1977,December,44716,569259,0.07855123942
1976,January,48618,584270,0.08321152892
1976,February,48326,584270,0.08271175997
1976,March,54318,584270,0.09296729252
1976,April,49310,584270,0.08439591285
1976,May,50925,584270,0.08716004587
1976,June,50437,584270,0.08632481558
1976,July,49961,584270,0.08551012374
1976,August,48311,584270,0.08268608691
1976,September,48974,584270,0.08382083626
1976,October,46893,584270,0.08025912677
1976,November,43651,584270,0.07471032228
1976,December,44546,584270,0.07624214832
1975,January,52155,603445,0.0864287549
1975,February,47687,603445,0.07902460042
1975,March,54722,603445,0.09068266371
1975,April,51955,603445,0.08609732453
1975,May,53732,603445,0.08904208337
1975,June,50607,603445,0.08386348383
1975,July,52903,603445,0.08766830449
1975,August,50208,603445,0.08320228024
1975,September,49536,603445,0.0820886742
1975,October,48503,603445,0.08037683633
1975,November,44779,603445,0.07420560283
1975,December,46658,603445,0.07731939116
1974,January,55225,639885,0.08630457035
1974,February,49430,639885,0.07724825555
1974,March,57682,639885,0.09014432281
1974,April,53885,639885,0.08421044406
1974,May,56609,639885,0.088467459
1974,June,52845,639885,0.08258515202
1974,July,55834,639885,0.08725630387
1974,August,54737,639885,0.08554193332
1974,September,53546,639885,0.08368066137
1974,October,53022,639885,0.08286176422
1974,November,48498,639885,0.07579174383
1974,December,48572,639885,0.07590738961
1973,January,57637,675953,0.0852677627
1973,February,54344,675953,0.08039612222
1973,March,63440,675953,0.09385267911
1973,April,56675,675953,0.08384458683
1973,May,59906,675953,0.08862450496
1973,June,57165,675953,0.0845694893
1973,July,57207,675953,0.0846316238
1973,August,55246,675953,0.08173053452
1973,September,53354,675953,0.07893152335
1973,October,55185,675953,0.08164029156
1973,November,52151,675953,0.07715181381
1973,December,53643,675953,0.07935906786
1972,January,61728,725440,0.08509042788
1972,February,59501,725440,0.08202056683
1972,March,66415,725440,0.09155133436
1972,April,60290,725440,0.08310818262
1972,May,63670,725440,0.08776742391
1972,June,61250,725440,0.08443151742
1972,July,62052,725440,0.08553705337
1972,August,60565,725440,0.0834872629
1972,September,59576,725440,0.08212395236
1972,October,57879,725440,0.0797846824
1972,November,55840,725440,0.07697397442
1972,December,56674,725440,0.07812362153
1971,January,67983,783155,0.08680657086
1971,February,63478,783155,0.08105419744
1971,March,72955,783155,0.09315525024
1971,April,67418,783155,0.08608513002
1971,May,69664,783155,0.08895301696
1971,June,65882,783155,0.08412383245
1971,July,67226,783155,0.08583996782
1971,August,62850,783155,0.08025231276
1971,September,63589,783155,0.08119593184
1971,October,63061,783155,0.0805217358
1971,November,59185,783155,0.07557252396
1971,December,59864,783155,0.07643952985
1970,January,64431,784486,0.08213148482
1970,February,61008,784486,0.07776811823
1970,March,70519,784486,0.08989198023
1970,April,66336,784486,0.08455982643
1970,May,68419,784486,0.08721506821
1970,June,65915,784486,0.08402316931
1970,July,67190,784486,0.08564843732
1970,August,64769,784486,0.08256234018
1970,September,63240,784486,0.08061329329
1970,October,63660,784486,0.08114867569
1970,November,62916,784486,0.08020028401
1970,December,66083,784486,0.08423732227
1969,January,70026,797538,0.08780271285
1969,February,64592,797538,0.0809892444
1969,March,75149,797538,0.09422623123
1969,April,69067,797538,0.08660026231
1969,May,70891,797538,0.08888730067
1969,June,66862,797538,0.08383550376
1969,July,66893,797538,0.08387437338
1969,August,65319,797538,0.08190079971
1969,September,64378,797538,0.08072091863
1969,October,64099,797538,0.08037109204
1969,November,59022,797538,0.07400525116
1969,December,61240,797538,0.07678630987
1968,January,68956,819272,0.08416740716
1968,February,66831,819272,0.08157364099
1968,March,74886,819272,0.09140554053
1968,April,69340,819272,0.08463611597
1968,May,72360,819272,0.08832231542
1968,June,68173,819272,0.08321168061
1968,July,69409,819272,0.08472033708
1968,August,69113,819272,0.08435904071
1968,September,65825,819272,0.08034572157
1968,October,66281,819272,0.08090231327
1968,November,62744,819272,0.07658506577
1968,December,65354,819272,0.07977082092
1967,January,70963,832164,0.08527525824
1967,February,67894,832164,0.08158728328
1967,March,77667,832164,0.09333136257
1967,April,71147,832164,0.0854963685
1967,May,73738,832164,0.08860993746
1967,June,68846,832164,0.08273128854
1967,July,69758,832164,0.08382722636
1967,August,68089,832164,0.08182161209
1967,September,68043,832164,0.08176633452
1967,October,66765,832164,0.08023057955
1967,November,62664,832164,0.07530246442
1967,December,66590,832164,0.08002028446
1966,January,71703,849823,0.08437404024
1966,February,67051,849823,0.07889995917
1966,March,77428,849823,0.09111073718
1966,April,71140,849823,0.08371154935
1966,May,73396,849823,0.08636621979
1966,June,70930,849823,0.08346443907
1966,July,73144,849823,0.08606968745
1966,August,71956,849823,0.08467174929
1966,September,71202,849823,0.08378450571
1966,October,69216,849823,0.08144754849
1966,November,63910,849823,0.0752038954
1966,December,68747,849823,0.08089566886
1965,January,71824,862725,0.08325248486
1965,February,68719,862725,0.07965342374
1965,March,78785,862725,0.09132110464
1965,April,73721,862725,0.08545133154
1965,May,74835,862725,0.08674258889
1965,June,72205,862725,0.08369410878
1965,July,74106,862725,0.08589759193
1965,August,71672,862725,0.08307629894
1965,September,71714,862725,0.08312498189
1965,October,70414,862725,0.0816181286
1965,November,66675,862725,0.07728418673
1965,December,68055,862725,0.07888376945
1964,January,72607,875972,0.08288735256
1964,February,71442,875972,0.08155740138
1964,March,78937,875972,0.09011361094
1964,April,75559,875972,0.08625732329
1964,May,76820,875972,0.08769686702
1964,June,73501,875972,0.08390793313
1964,July,75942,875972,0.08669455188
1964,August,71437,875972,0.08155169343
1964,September,72399,875972,0.08264990205
1964,October,70944,875972,0.08098889006
1964,November,66490,875972,0.07590425265
1964,December,69894,875972,0.07979022161
1963,January,72576,854055,0.08497813373
1963,February,67338,854055,0.07884503925
1963,March,78916,854055,0.09240154323
1963,April,73158,854055,0.08565958867
1963,May,76162,854055,0.08917692654
1963,June,71734,854055,0.08399224874
1963,July,72633,854055,0.08504487416
1963,August,70101,854055,0.0820801939
1963,September,69523,854055,0.0814034225
1963,October,69522,854055,0.08140225161
1963,November,64968,854055,0.07607004233
1963,December,67424,854055,0.07894573534
1962,January,69927,838736,0.08337188341
1962,February,66353,838736,0.07911070945
1962,March,77310,838736,0.09217441483
1962,April,71324,838736,0.08503748498
1962,May,75285,838736,0.08976006753
1962,June,70305,838736,0.08382256157
1962,July,70629,838736,0.08420885714
1962,August,70246,838736,0.08375221762
1962,September,68096,838736,0.08118883653
1962,October,67092,838736,0.07999179718
1962,November,64692,838736,0.07713034852
1962,December,67477,838736,0.08045082124
1961,January,67748,811281,0.0835074407
1961,February,62559,811281,0.07711138311
1961,March,72999,811281,0.08997992064
1961,April,69102,811281,0.0851764062
1961,May,70910,811281,0.08740498052
1961,June,67528,811281,0.08323626462
1961,July,68869,811281,0.08488920608
1961,August,68035,811281,0.08386120222
1961,September,67163,811281,0.08278635886
1961,October,66735,811281,0.08225879812
1961,November,62274,811281,0.07676008683
1961,December,67359,811281,0.08302795209
1960,January,63225,785005,0.08054088827
1960,February,64364,785005,0.08199183445
1960,March,70025,785005,0.08920325348
1960,April,65701,785005,0.08369500831
1960,May,69354,785005,0.08834848186
1960,June,65319,785005,0.08320838721
1960,July,66817,785005,0.08511665531
1960,August,64500,785005,0.08216508175
1960,September,65357,785005,0.08325679454
1960,October,64873,785005,0.08264023796
1960,November,61593,785005,0.07846192062
1960,December,63877,785005,0.08137145623
1959,January,64444,748501,0.08609741336
1959,February,60401,748501,0.08069595097
1959,March,68357,748501,0.09132519529
1959,April,64914,748501,0.08672533504
1959,May,66795,748501,0.08923835773
1959,June,62394,748501,0.08335860607
1959,July,63715,748501,0.08512346677
1959,August,61087,748501,0.08161244942
1959,September,60882,748501,0.08133856869
1959,October,60826,748501,0.08126375249
1959,November,55518,748501,0.07417224559
1959,December,59168,748501,0.07904865859
1958,January,62983,740715,0.08503000479
1958,February,58526,740715,0.0790128457
1958,March,68433,740715,0.09238776047
1958,April,63847,740715,0.08619644533
1958,May,65538,740715,0.08847937466
1958,June,59634,740715,0.08050869768
1958,July,59026,740715,0.07968786915
1958,August,59795,740715,0.08072605523
1958,September,61445,740715,0.08295363264
1958,October,61366,740715,0.08284697893
1958,November,58409,740715,0.07885489021
1958,December,61713,740715,0.08331544521
1957,January,59926,723381,0.08284154546
1957,February,57163,723381,0.0790219815
1957,March,64705,723381,0.08944802255
1957,April,62090,723381,0.0858330534
1957,May,64676,723381,0.08940793303
1957,June,61031,723381,0.08436909457
1957,July,59956,723381,0.08288301739
1957,August,59229,723381,0.08187801449
1957,September,59927,723381,0.08284292786
1957,October,60580,723381,0.08374563335
1957,November,55373,723381,0.07654749019
1957,December,58725,723381,0.08118128621
1956,January,58609,700335,0.08368709261
1956,February,56280,700335,0.08036154126
1956,March,64004,700335,0.09139054881
1956,April,61223,700335,0.08741959205
1956,May,61848,700335,0.0883120221
1956,June,58304,700335,0.08325158674
1956,July,59528,700335,0.08499932175
1956,August,57446,700335,0.08202645877
1956,September,57471,700335,0.08206215597
1956,October,55906,700335,0.07982751112
1956,November,52860,700335,0.07547816402
1956,December,56856,700335,0.0811840048
1955,January,57350,667811,0.08587759111
1955,February,51423,667811,0.07700232551
1955,March,59609,667811,0.08926028472
1955,April,57234,667811,0.08570388927
1955,May,58848,667811,0.08812074075
1955,June,56401,667811,0.08445653037
1955,July,56967,667811,0.08530407555
1955,August,54543,667811,0.08167430605
1955,September,54160,667811,0.08110079049
1955,October,54030,667811,0.08090612464
1955,November,51661,667811,0.07735871377
1955,December,55585,667811,0.08323462776
1954,January,57157,673651,0.08484660455
1954,February,54560,673651,0.08099149263
1954,March,60983,673651,0.09052610328
1954,April,58119,673651,0.0862746437
1954,May,61714,673651,0.0916112349
1954,June,56793,673651,0.08430626541
1954,July,57378,673651,0.08517466759
1954,August,54593,673651,0.08104047942
1954,September,54468,673651,0.0808549234
1954,October,54044,673651,0.08022551737
1954,November,50853,673651,0.07548864323
1954,December,52989,673651,0.07865942454
1953,January,56247,684372,0.08218775754
1953,February,53585,684372,0.07829806012
1953,March,61624,684372,0.09004459563
1953,April,59169,684372,0.08645736529
1953,May,62576,684372,0.09143565196
1953,June,59703,684372,0.08723764269
1953,July,59559,684372,0.0870272308
1953,August,56801,684372,0.0829972588
1953,September,56557,684372,0.08264072756
1953,October,54128,684372,0.07909148825
1953,November,50611,684372,0.07395247029
1953,December,53812,684372,0.07862975107
1952,January,56455,673735,0.08379407334
1952,February,55225,673735,0.08196842972
1952,March,60640,673735,0.09000571441
1952,April,58774,673735,0.08723607947
1952,May,60061,673735,0.08914632608
1952,June,55727,673735,0.0827135298
1952,July,57162,673735,0.08484344735
1952,August,55561,673735,0.08246714213
1952,September,55492,673735,0.08236472797
1952,October,54215,673735,0.08046932399
1952,November,50918,673735,0.07557570855
1952,December,53505,673735,0.07941549719
1951,January,57740,677529,0.0852214444
1951,February,54162,677529,0.07994048963
1951,March,61973,677529,0.09146914745
1951,April,59985,677529,0.0885349557
1951,May,62473,677529,0.09220712324
1951,June,58883,677529,0.08690845705
1951,July,58418,677529,0.08622213957
1951,August,55557,677529,0.08199944209
1951,September,54076,677529,0.0798135578
1951,October,51253,677529,0.07564694648
1951,November,49089,677529,0.07245298725
1951,December,53920,677529,0.07958330935
1950,January,60573,697097,0.08689321572
1950,February,55865,697097,0.08013949278
1950,March,64336,697097,0.0922913167
1950,April,61039,697097,0.08756170232
1950,May,62184,697097,0.08920422839
1950,June,58886,697097,0.08447317949
1950,July,57270,697097,0.08215499421
1950,August,56771,697097,0.08143916844
1950,September,57333,697097,0.08224536901
1950,October,55621,697097,0.07978946976
1950,November,52406,697097,0.07517748606
1950,December,54813,697097,0.07863037712
1949,January,61498,730518,0.0841840995
1949,February,58520,730518,0.08010754013
1949,March,66210,730518,0.09063431702
1949,April,64640,730518,0.08848515711
1949,May,65630,730518,0.08984035985
1949,June,62698,730518,0.0858267695
1949,July,61931,730518,0.08477682959
1949,August,60275,730518,0.082509945
1949,September,60014,730518,0.08215266427
1949,October,58600,730518,0.08021705146
1949,November,54758,730518,0.07495776969
1949,December,55744,730518,0.07630749687
1948,January,68402,775306,0.0882258102
1948,February,64770,775306,0.08354120825
1948,March,69651,775306,0.08983678702
1948,April,67655,775306,0.08726231965
1948,May,68494,775306,0.08834447302
1948,June,64801,775306,0.08358119246
1948,July,67013,775306,0.08643425951
1948,August,62560,775306,0.08069072083
1948,September,62151,775306,0.08016318718
1948,October,60968,775306,0.07863733803
1948,November,57752,775306,0.07448929842
1948,December,61089,775306,0.07879340544
1947,January,82913,881026,0.09410959495
1947,February,73693,881026,0.08364452354
1947,March,83021,881026,0.0942321793
1947,April,78503,881026,0.0891040673
1947,May,80328,881026,0.09117551582
1947,June,75036,881026,0.08516888264
1947,July,74827,881026,0.08493165922
1947,August,70057,881026,0.07951751708
1947,September,69424,881026,0.07879903658
1947,October,65722,881026,0.07459711745
1947,November,62236,881026,0.07064036703
1947,December,65266,881026,0.07407953908
1946,January,58169,820719,0.07087565903
1946,February,56070,820719,0.06831814543
1946,March,65627,820719,0.07996281309
1946,April,64677,820719,0.07880529146
1946,May,70820,820719,0.08629019189
1946,June,68031,820719,0.08289195206
1946,July,70002,820719,0.08529350484
1946,August,70967,820719,0.08646930314
1946,September,73256,820719,0.08925832106
1946,October,72373,820719,0.08818243516
1946,November,72382,820719,0.08819340115
1946,December,78345,820719,0.0954589817
1945,January,59360,679937,0.08730220594
1945,February,54940,679937,0.08080160368
1945,March,56745,679937,0.08345626139
1945,April,56117,679937,0.08253264641
1945,May,61374,679937,0.09026424507
1945,June,57477,679937,0.08453283172
1945,July,57868,679937,0.085107885
1945,August,56381,679937,0.08292091767
1945,September,55232,679937,0.08123105523
1945,October,54685,679937,0.08042656893
1945,November,53416,679937,0.07856021955
1945,December,56342,679937,0.08286355942
1944,January,58313,751478,0.07759774737
1944,February,58489,751478,0.0778319525
1944,March,67038,751478,0.08920820037
1944,April,65352,751478,0.08696462172
1944,May,69333,751478,0.09226218199
1944,June,65863,751478,0.08764461501
1944,July,64874,751478,0.08632854189
1944,August,59118,751478,0.07866896968
1944,September,59721,751478,0.07947138838
1944,October,61197,751478,0.08143551774
1944,November,59073,751478,0.07860908769
1944,December,63107,751478,0.08397717565
1943,January,57651,684334,0.08424395105
1943,February,53214,684334,0.07776027495
1943,March,60988,684334,0.08912022492
1943,April,58983,684334,0.08619036903
1943,May,61399,684334,0.08972080884
1943,June,58522,684334,0.08551672137
1943,July,58980,684334,0.08618598521
1943,August,56260,684334,0.08221131787
1943,September,56175,684334,0.08208710951
1943,October,54456,684334,0.0795751782
1943,November,52170,684334,0.07623470411
1943,December,55536,684334,0.08115335494
1942,January,52070,651503,0.079922886
1942,February,47451,651503,0.07283312586
1942,March,56797,651503,0.08717841668
1942,April,55007,651503,0.08443092357
1942,May,57159,651503,0.08773405495
1942,June,56144,651503,0.08617611891
1942,July,55708,651503,0.08550689713
1942,August,56110,651503,0.08612393189
1942,September,55022,651503,0.08445394726
1942,October,54607,651503,0.08381695863
1942,November,51024,651503,0.07831736769
1942,December,54404,651503,0.08350537143
1941,January,48889,579091,0.08442369161
1941,February,44708,579091,0.07720375554
1941,March,49406,579091,0.08531647012
1941,April,47833,579091,0.08260014402
1941,May,49550,579091,0.0855651357
1941,June,45697,579091,0.07891160457
1941,July,48318,579091,0.08343766351
1941,August,49417,579091,0.08533546541
1941,September,50570,579091,0.0873265169
1941,October,49172,579091,0.08491238855
1941,November,46158,579091,0.07970767979
1941,December,49373,579091,0.08525948426
1940,January,50281,590120,0.08520470413
1940,February,49846,590120,0.08446756592
1940,March,53583,590120,0.09080017624
1940,April,52340,590120,0.08869382498
1940,May,53100,590120,0.08998169864
1940,June,47749,590120,0.08091405138
1940,July,49459,590120,0.0838117671
1940,August,49217,590120,0.08340168101
1940,September,50516,590120,0.08560292822
1940,October,46133,590120,0.0781756253
1940,November,41560,590120,0.07042635396
1940,December,46336,590120,0.07851962313
1939,January,51350,614479,0.08356672889
1939,February,46990,614479,0.07647128706
1939,March,54389,614479,0.08851238203
1939,April,54127,614479,0.08808600457
1939,May,56337,614479,0.09168254733
1939,June,52662,614479,0.08570187102
1939,July,53515,614479,0.08709003888
1939,August,51338,614479,0.08354720015
1939,September,50605,614479,0.08235431968
1939,October,48832,614479,0.07946894849
1939,November,46025,614479,0.07490085096
1939,December,48309,614479,0.07861782095
1938,January,51820,621204,0.08341865152
1938,February,47421,621204,0.07633724187
1938,March,54887,621204,0.08835583802
1938,April,54623,621204,0.08793085685
1938,May,56853,621204,0.09152065988
1938,June,53145,621204,0.08555160624
1938,July,53214,621204,0.08566268086
1938,August,50444,621204,0.08120359817
1938,September,50545,621204,0.08136618567
1938,October,50079,621204,0.08061602952
1938,November,47850,621204,0.07702783627
1938,December,50323,621204,0.08100881514